[{"model": "admin.logentry", "pk": 1, "fields": {"action_time": "2024-08-18T01:42:23.392Z", "user": 1, "content_type": 11, "object_id": "1", "object_repr": "Animals", "action_flag": 1, "change_message": "[{\"added\": {}}]"}}, {"model": "admin.logentry", "pk": 2, "fields": {"action_time": "2024-08-18T02:01:24.943Z", "user": 1, "content_type": 11, "object_id": "1", "object_repr": "Animals", "action_flag": 2, "change_message": "[{\"changed\": {\"fields\": [\"Icon\"]}}]"}}, {"model": "admin.logentry", "pk": 3, "fields": {"action_time": "2024-08-18T02:01:36.525Z", "user": 1, "content_type": 11, "object_id": "1", "object_repr": "Animals", "action_flag": 2, "change_message": "[{\"changed\": {\"fields\": [\"Icon\"]}}]"}}, {"model": "admin.logentry", "pk": 4, "fields": {"action_time": "2024-08-18T02:02:46.349Z", "user": 1, "content_type": 11, "object_id": "1", "object_repr": "Animals", "action_flag": 2, "change_message": "[{\"changed\": {\"fields\": [\"Icon\"]}}]"}}, {"model": "admin.logentry", "pk": 5, "fields": {"action_time": "2024-08-18T02:02:51.816Z", "user": 1, "content_type": 11, "object_id": "1", "object_repr": "Animals", "action_flag": 2, "change_message": "[]"}}, {"model": "admin.logentry", "pk": 6, "fields": {"action_time": "2024-08-18T02:03:50.595Z", "user": 1, "content_type": 11, "object_id": "2", "object_repr": "Children & Youth", "action_flag": 1, "change_message": "[{\"added\": {}}]"}}, {"model": "admin.logentry", "pk": 7, "fields": {"action_time": "2024-08-18T02:04:32.857Z", "user": 1, "content_type": 11, "object_id": "3", "object_repr": "Disabilities", "action_flag": 1, "change_message": "[{\"added\": {}}]"}}, {"model": "admin.logentry", "pk": 8, "fields": {"action_time": "2024-08-18T02:05:10.833Z", "user": 1, "content_type": 11, "object_id": "4", "object_repr": "Disaster Relief", "action_flag": 1, "change_message": "[{\"added\": {}}]"}}, {"model": "admin.logentry", "pk": 9, "fields": {"action_time": "2024-08-18T02:05:53.943Z", "user": 1, "content_type": 11, "object_id": "5", "object_repr": "Education", "action_flag": 1, "change_message": "[{\"added\": {}}]"}}, {"model": "admin.logentry", "pk": 10, "fields": {"action_time": "2024-08-18T02:06:29.280Z", "user": 1, "content_type": 11, "object_id": "6", "object_repr": "Elderly", "action_flag": 1, "change_message": "[{\"added\": {}}]"}}, {"model": "admin.logentry", "pk": 11, "fields": {"action_time": "2024-08-18T02:07:47.416Z", "user": 1, "content_type": 11, "object_id": "7", "object_repr": "Environment", "action_flag": 1, "change_message": "[{\"added\": {}}]"}}, {"model": "admin.logentry", "pk": 12, "fields": {"action_time": "2024-08-18T02:08:33.050Z", "user": 1, "content_type": 11, "object_id": "8", "object_repr": "Health & Disease", "action_flag": 1, "change_message": "[{\"added\": {}}]"}}, {"model": "admin.logentry", "pk": 13, "fields": {"action_time": "2024-08-18T02:09:20.497Z", "user": 1, "content_type": 11, "object_id": "9", "object_repr": "Hunger & Poverty", "action_flag": 1, "change_message": "[{\"added\": {}}]"}}, {"model": "admin.logentry", "pk": 14, "fields": {"action_time": "2024-08-18T02:10:01.395Z", "user": 1, "content_type": 11, "object_id": "10", "object_repr": "International", "action_flag": 1, "change_message": "[{\"added\": {}}]"}}, {"model": "admin.logentry", "pk": 15, "fields": {"action_time": "2024-08-18T02:12:52.509Z", "user": 1, "content_type": 11, "object_id": "11", "object_repr": "Religious", "action_flag": 1, "change_message": "[{\"added\": {}}]"}}, {"model": "admin.logentry", "pk": 16, "fields": {"action_time": "2024-08-18T02:13:58.414Z", "user": 1, "content_type": 11, "object_id": "12", "object_repr": "Women’s Issues", "action_flag": 1, "change_message": "[{\"added\": {}}]"}}, {"model": "admin.logentry", "pk": 17, "fields": {"action_time": "2024-08-18T02:14:44.482Z", "user": 1, "content_type": 11, "object_id": "13", "object_repr": "Race & Ethnicity", "action_flag": 1, "change_message": "[{\"added\": {}}]"}}, {"model": "admin.logentry", "pk": 18, "fields": {"action_time": "2024-08-18T02:15:36.334Z", "user": 1, "content_type": 11, "object_id": "14", "object_repr": "LGBTQ", "action_flag": 1, "change_message": "[{\"added\": {}}]"}}, {"model": "admin.logentry", "pk": 19, "fields": {"action_time": "2024-08-18T02:16:21.143Z", "user": 1, "content_type": 11, "object_id": "15", "object_repr": "Family", "action_flag": 1, "change_message": "[{\"added\": {}}]"}}, {"model": "admin.logentry", "pk": 20, "fields": {"action_time": "2024-08-18T02:17:03.713Z", "user": 1, "content_type": 11, "object_id": "16", "object_repr": "Crime and Safety", "action_flag": 1, "change_message": "[{\"added\": {}}]"}}, {"model": "admin.logentry", "pk": 21, "fields": {"action_time": "2024-08-18T02:17:59.175Z", "user": 1, "content_type": 11, "object_id": "17", "object_repr": "Financial Literacy", "action_flag": 1, "change_message": "[{\"added\": {}}]"}}, {"model": "admin.logentry", "pk": 22, "fields": {"action_time": "2024-08-18T02:18:54.601Z", "user": 1, "content_type": 11, "object_id": "18", "object_repr": "Reproductive Rights", "action_flag": 1, "change_message": "[{\"added\": {}}]"}}, {"model": "admin.logentry", "pk": 23, "fields": {"action_time": "2024-08-18T02:19:39.502Z", "user": 1, "content_type": 11, "object_id": "19", "object_repr": "Affordable Housing", "action_flag": 1, "change_message": "[{\"added\": {}}]"}}, {"model": "admin.logentry", "pk": 24, "fields": {"action_time": "2024-08-18T02:21:32.264Z", "user": 1, "content_type": 7, "object_id": "1", "object_repr": "Advanced Prototyping and Animation", "action_flag": 1, "change_message": "[{\"added\": {}}]"}}, {"model": "admin.logentry", "pk": 25, "fields": {"action_time": "2024-08-18T02:21:48.655Z", "user": 1, "content_type": 7, "object_id": "2", "object_repr": "Design Systems and Libraries", "action_flag": 1, "change_message": "[{\"added\": {}}]"}}, {"model": "admin.logentry", "pk": 26, "fields": {"action_time": "2024-08-18T02:21:57.643Z", "user": 1, "content_type": 7, "object_id": "3", "object_repr": "3D Design and Augmented Reality (AR)", "action_flag": 1, "change_message": "[{\"added\": {}}]"}}, {"model": "admin.logentry", "pk": 27, "fields": {"action_time": "2024-08-18T02:22:05.439Z", "user": 1, "content_type": 7, "object_id": "4", "object_repr": "Voice User Interface (VUI) Design", "action_flag": 1, "change_message": "[{\"added\": {}}]"}}, {"model": "admin.logentry", "pk": 28, "fields": {"action_time": "2024-08-18T02:22:14.706Z", "user": 1, "content_type": 7, "object_id": "5", "object_repr": "Responsive and Adaptive Design", "action_flag": 1, "change_message": "[{\"added\": {}}]"}}, {"model": "admin.logentry", "pk": 29, "fields": {"action_time": "2024-08-18T02:22:23.891Z", "user": 1, "content_type": 7, "object_id": "6", "object_repr": "Front-End Development", "action_flag": 1, "change_message": "[{\"added\": {}}]"}}, {"model": "admin.logentry", "pk": 30, "fields": {"action_time": "2024-08-18T02:22:35.107Z", "user": 1, "content_type": 7, "object_id": "7", "object_repr": "Web Performance Optimization", "action_flag": 1, "change_message": "[{\"added\": {}}]"}}, {"model": "admin.logentry", "pk": 31, "fields": {"action_time": "2024-08-18T02:22:45.306Z", "user": 1, "content_type": 7, "object_id": "8", "object_repr": "APIs and Integration", "action_flag": 1, "change_message": "[{\"added\": {}}]"}}, {"model": "admin.logentry", "pk": 32, "fields": {"action_time": "2024-08-18T02:22:54.308Z", "user": 1, "content_type": 7, "object_id": "9", "object_repr": "User Research and Usability Testing", "action_flag": 1, "change_message": "[{\"added\": {}}]"}}, {"model": "admin.logentry", "pk": 33, "fields": {"action_time": "2024-08-18T02:23:06.031Z", "user": 1, "content_type": 7, "object_id": "10", "object_repr": "Data-Driven Design", "action_flag": 1, "change_message": "[{\"added\": {}}]"}}, {"model": "admin.logentry", "pk": 34, "fields": {"action_time": "2024-08-18T02:23:18.241Z", "user": 1, "content_type": 7, "object_id": "11", "object_repr": "A/B Testing and Experimentation", "action_flag": 1, "change_message": "[{\"added\": {}}]"}}, {"model": "admin.logentry", "pk": 35, "fields": {"action_time": "2024-08-18T18:45:36.089Z", "user": 1, "content_type": 11, "object_id": "13", "object_repr": "Race & Ethnicity", "action_flag": 2, "change_message": "[{\"changed\": {\"fields\": [\"Icon\"]}}]"}}, {"model": "admin.logentry", "pk": 36, "fields": {"action_time": "2024-08-22T23:12:55.676Z", "user": 1, "content_type": 8, "object_id": "9", "object_repr": "UserSkills object (9)", "action_flag": 1, "change_message": "[{\"added\": {}}]"}}, {"model": "admin.logentry", "pk": 37, "fields": {"action_time": "2024-08-22T23:46:54.133Z", "user": 1, "content_type": 11, "object_id": "19", "object_repr": "Affordable Housing", "action_flag": 3, "change_message": ""}}, {"model": "admin.logentry", "pk": 38, "fields": {"action_time": "2024-08-22T23:46:54.136Z", "user": 1, "content_type": 11, "object_id": "18", "object_repr": "Reproductive Rights", "action_flag": 3, "change_message": ""}}, {"model": "admin.logentry", "pk": 39, "fields": {"action_time": "2024-08-22T23:46:54.138Z", "user": 1, "content_type": 11, "object_id": "17", "object_repr": "Financial Literacy", "action_flag": 3, "change_message": ""}}, {"model": "admin.logentry", "pk": 40, "fields": {"action_time": "2024-08-22T23:46:54.140Z", "user": 1, "content_type": 11, "object_id": "16", "object_repr": "Crime and Safety", "action_flag": 3, "change_message": ""}}, {"model": "admin.logentry", "pk": 41, "fields": {"action_time": "2024-08-22T23:46:54.142Z", "user": 1, "content_type": 11, "object_id": "15", "object_repr": "Family", "action_flag": 3, "change_message": ""}}, {"model": "admin.logentry", "pk": 42, "fields": {"action_time": "2024-08-22T23:46:54.144Z", "user": 1, "content_type": 11, "object_id": "14", "object_repr": "LGBTQ", "action_flag": 3, "change_message": ""}}, {"model": "admin.logentry", "pk": 43, "fields": {"action_time": "2024-08-22T23:46:54.146Z", "user": 1, "content_type": 11, "object_id": "13", "object_repr": "Race & Ethnicity", "action_flag": 3, "change_message": ""}}, {"model": "admin.logentry", "pk": 44, "fields": {"action_time": "2024-08-22T23:46:54.148Z", "user": 1, "content_type": 11, "object_id": "12", "object_repr": "Women’s Issues", "action_flag": 3, "change_message": ""}}, {"model": "admin.logentry", "pk": 45, "fields": {"action_time": "2024-08-22T23:46:54.149Z", "user": 1, "content_type": 11, "object_id": "11", "object_repr": "Religious", "action_flag": 3, "change_message": ""}}, {"model": "admin.logentry", "pk": 46, "fields": {"action_time": "2024-08-22T23:46:54.151Z", "user": 1, "content_type": 11, "object_id": "10", "object_repr": "International", "action_flag": 3, "change_message": ""}}, {"model": "admin.logentry", "pk": 47, "fields": {"action_time": "2024-08-22T23:46:54.152Z", "user": 1, "content_type": 11, "object_id": "9", "object_repr": "Hunger & Poverty", "action_flag": 3, "change_message": ""}}, {"model": "admin.logentry", "pk": 48, "fields": {"action_time": "2024-08-22T23:46:54.154Z", "user": 1, "content_type": 11, "object_id": "8", "object_repr": "Health & Disease", "action_flag": 3, "change_message": ""}}, {"model": "admin.logentry", "pk": 49, "fields": {"action_time": "2024-08-22T23:46:54.155Z", "user": 1, "content_type": 11, "object_id": "7", "object_repr": "Environment", "action_flag": 3, "change_message": ""}}, {"model": "admin.logentry", "pk": 50, "fields": {"action_time": "2024-08-22T23:46:54.157Z", "user": 1, "content_type": 11, "object_id": "6", "object_repr": "Elderly", "action_flag": 3, "change_message": ""}}, {"model": "admin.logentry", "pk": 51, "fields": {"action_time": "2024-08-22T23:46:54.160Z", "user": 1, "content_type": 11, "object_id": "5", "object_repr": "Education", "action_flag": 3, "change_message": ""}}, {"model": "admin.logentry", "pk": 52, "fields": {"action_time": "2024-08-22T23:46:54.162Z", "user": 1, "content_type": 11, "object_id": "4", "object_repr": "Disaster Relief", "action_flag": 3, "change_message": ""}}, {"model": "admin.logentry", "pk": 53, "fields": {"action_time": "2024-08-22T23:46:54.163Z", "user": 1, "content_type": 11, "object_id": "3", "object_repr": "Disabilities", "action_flag": 3, "change_message": ""}}, {"model": "admin.logentry", "pk": 54, "fields": {"action_time": "2024-08-22T23:46:54.165Z", "user": 1, "content_type": 11, "object_id": "2", "object_repr": "Children & Youth", "action_flag": 3, "change_message": ""}}, {"model": "admin.logentry", "pk": 55, "fields": {"action_time": "2024-08-22T23:46:54.167Z", "user": 1, "content_type": 11, "object_id": "1", "object_repr": "Animals", "action_flag": 3, "change_message": ""}}, {"model": "admin.logentry", "pk": 56, "fields": {"action_time": "2024-08-22T23:48:21.246Z", "user": 1, "content_type": 8, "object_id": "25", "object_repr": "fasansola has Data-Driven Design as a skill", "action_flag": 3, "change_message": ""}}, {"model": "admin.logentry", "pk": 57, "fields": {"action_time": "2024-08-22T23:48:21.249Z", "user": 1, "content_type": 8, "object_id": "24", "object_repr": "fasansola has Advanced Prototyping and Animation as a skill", "action_flag": 3, "change_message": ""}}, {"model": "admin.logentry", "pk": 58, "fields": {"action_time": "2024-08-22T23:48:21.253Z", "user": 1, "content_type": 8, "object_id": "23", "object_repr": "fasansola has A/B Testing and Experimentation as a skill", "action_flag": 3, "change_message": ""}}, {"model": "admin.logentry", "pk": 59, "fields": {"action_time": "2024-08-22T23:48:21.255Z", "user": 1, "content_type": 8, "object_id": "22", "object_repr": "fasansola has 3D Design and Augmented Reality (AR) as a skill", "action_flag": 3, "change_message": ""}}, {"model": "admin.logentry", "pk": 60, "fields": {"action_time": "2024-08-22T23:48:21.258Z", "user": 1, "content_type": 8, "object_id": "21", "object_repr": "fasansola has Data-Driven Design as a skill", "action_flag": 3, "change_message": ""}}, {"model": "admin.logentry", "pk": 61, "fields": {"action_time": "2024-08-22T23:48:21.260Z", "user": 1, "content_type": 8, "object_id": "20", "object_repr": "fasansola has Advanced Prototyping and Animation as a skill", "action_flag": 3, "change_message": ""}}, {"model": "admin.logentry", "pk": 62, "fields": {"action_time": "2024-08-22T23:48:21.261Z", "user": 1, "content_type": 8, "object_id": "19", "object_repr": "fasansola has A/B Testing and Experimentation as a skill", "action_flag": 3, "change_message": ""}}, {"model": "admin.logentry", "pk": 63, "fields": {"action_time": "2024-08-22T23:48:21.263Z", "user": 1, "content_type": 8, "object_id": "18", "object_repr": "fasansola has 3D Design and Augmented Reality (AR) as a skill", "action_flag": 3, "change_message": ""}}, {"model": "admin.logentry", "pk": 64, "fields": {"action_time": "2024-08-22T23:48:21.265Z", "user": 1, "content_type": 8, "object_id": "17", "object_repr": "fasansola has Data-Driven Design as a skill", "action_flag": 3, "change_message": ""}}, {"model": "admin.logentry", "pk": 65, "fields": {"action_time": "2024-08-22T23:48:21.267Z", "user": 1, "content_type": 8, "object_id": "16", "object_repr": "fasansola has Advanced Prototyping and Animation as a skill", "action_flag": 3, "change_message": ""}}, {"model": "admin.logentry", "pk": 66, "fields": {"action_time": "2024-08-22T23:48:21.269Z", "user": 1, "content_type": 8, "object_id": "15", "object_repr": "fasansola has A/B Testing and Experimentation as a skill", "action_flag": 3, "change_message": ""}}, {"model": "admin.logentry", "pk": 67, "fields": {"action_time": "2024-08-22T23:48:21.270Z", "user": 1, "content_type": 8, "object_id": "14", "object_repr": "fasansola has 3D Design and Augmented Reality (AR) as a skill", "action_flag": 3, "change_message": ""}}, {"model": "admin.logentry", "pk": 68, "fields": {"action_time": "2024-08-22T23:48:21.272Z", "user": 1, "content_type": 8, "object_id": "13", "object_repr": "fasansola has Data-Driven Design as a skill", "action_flag": 3, "change_message": ""}}, {"model": "admin.logentry", "pk": 69, "fields": {"action_time": "2024-08-22T23:48:21.274Z", "user": 1, "content_type": 8, "object_id": "12", "object_repr": "fasansola has Advanced Prototyping and Animation as a skill", "action_flag": 3, "change_message": ""}}, {"model": "admin.logentry", "pk": 70, "fields": {"action_time": "2024-08-22T23:48:21.275Z", "user": 1, "content_type": 8, "object_id": "11", "object_repr": "fasansola has A/B Testing and Experimentation as a skill", "action_flag": 3, "change_message": ""}}, {"model": "admin.logentry", "pk": 71, "fields": {"action_time": "2024-08-22T23:48:21.277Z", "user": 1, "content_type": 8, "object_id": "10", "object_repr": "fasansola has 3D Design and Augmented Reality (AR) as a skill", "action_flag": 3, "change_message": ""}}, {"model": "admin.logentry", "pk": 72, "fields": {"action_time": "2024-08-22T23:48:21.278Z", "user": 1, "content_type": 8, "object_id": "9", "object_repr": "fasansola has A/B Testing and Experimentation as a skill", "action_flag": 3, "change_message": ""}}, {"model": "admin.logentry", "pk": 73, "fields": {"action_time": "2024-08-22T23:48:21.283Z", "user": 1, "content_type": 8, "object_id": "8", "object_repr": "fasansola has Data-Driven Design as a skill", "action_flag": 3, "change_message": ""}}, {"model": "admin.logentry", "pk": 74, "fields": {"action_time": "2024-08-22T23:48:21.285Z", "user": 1, "content_type": 8, "object_id": "7", "object_repr": "fasansola has Advanced Prototyping and Animation as a skill", "action_flag": 3, "change_message": ""}}, {"model": "admin.logentry", "pk": 75, "fields": {"action_time": "2024-08-22T23:48:21.287Z", "user": 1, "content_type": 8, "object_id": "6", "object_repr": "fasansola has A/B Testing and Experimentation as a skill", "action_flag": 3, "change_message": ""}}, {"model": "admin.logentry", "pk": 76, "fields": {"action_time": "2024-08-22T23:48:21.289Z", "user": 1, "content_type": 8, "object_id": "5", "object_repr": "fasansola has 3D Design and Augmented Reality (AR) as a skill", "action_flag": 3, "change_message": ""}}, {"model": "admin.logentry", "pk": 77, "fields": {"action_time": "2024-08-22T23:48:21.291Z", "user": 1, "content_type": 8, "object_id": "4", "object_repr": "fasansola has Data-Driven Design as a skill", "action_flag": 3, "change_message": ""}}, {"model": "admin.logentry", "pk": 78, "fields": {"action_time": "2024-08-22T23:48:21.292Z", "user": 1, "content_type": 8, "object_id": "3", "object_repr": "fasansola has Advanced Prototyping and Animation as a skill", "action_flag": 3, "change_message": ""}}, {"model": "admin.logentry", "pk": 79, "fields": {"action_time": "2024-08-22T23:48:21.294Z", "user": 1, "content_type": 8, "object_id": "2", "object_repr": "fasansola has A/B Testing and Experimentation as a skill", "action_flag": 3, "change_message": ""}}, {"model": "admin.logentry", "pk": 80, "fields": {"action_time": "2024-08-22T23:48:21.295Z", "user": 1, "content_type": 8, "object_id": "1", "object_repr": "fasansola has 3D Design and Augmented Reality (AR) as a skill", "action_flag": 3, "change_message": ""}}, {"model": "admin.logentry", "pk": 81, "fields": {"action_time": "2024-08-23T00:31:21.431Z", "user": 1, "content_type": 11, "object_id": "20", "object_repr": "Affordable Housing", "action_flag": 1, "change_message": "[{\"added\": {}}]"}}, {"model": "admin.logentry", "pk": 82, "fields": {"action_time": "2024-08-23T00:31:54.917Z", "user": 1, "content_type": 11, "object_id": "21", "object_repr": "Animals", "action_flag": 1, "change_message": "[{\"added\": {}}]"}}, {"model": "admin.logentry", "pk": 83, "fields": {"action_time": "2024-08-23T00:32:54.330Z", "user": 1, "content_type": 11, "object_id": "22", "object_repr": "Arts, Culture, and Humanities", "action_flag": 1, "change_message": "[{\"added\": {}}]"}}, {"model": "admin.logentry", "pk": 84, "fields": {"action_time": "2024-08-23T00:33:27.790Z", "user": 1, "content_type": 11, "object_id": "23", "object_repr": "Children & Youth", "action_flag": 1, "change_message": "[{\"added\": {}}]"}}, {"model": "admin.logentry", "pk": 85, "fields": {"action_time": "2024-08-23T00:34:18.723Z", "user": 1, "content_type": 11, "object_id": "24", "object_repr": "Crime and Safety", "action_flag": 1, "change_message": "[{\"added\": {}}]"}}, {"model": "admin.logentry", "pk": 86, "fields": {"action_time": "2024-08-23T00:34:40.043Z", "user": 1, "content_type": 11, "object_id": "25", "object_repr": "Disabilities", "action_flag": 1, "change_message": "[{\"added\": {}}]"}}, {"model": "admin.logentry", "pk": 87, "fields": {"action_time": "2024-08-23T00:35:01.228Z", "user": 1, "content_type": 11, "object_id": "26", "object_repr": "Disaster Relief", "action_flag": 1, "change_message": "[{\"added\": {}}]"}}, {"model": "admin.logentry", "pk": 88, "fields": {"action_time": "2024-08-23T00:35:53.489Z", "user": 1, "content_type": 11, "object_id": "27", "object_repr": "Diversity, Equity, and Inclusion", "action_flag": 1, "change_message": "[{\"added\": {}}]"}}, {"model": "admin.logentry", "pk": 89, "fields": {"action_time": "2024-08-23T00:36:18.224Z", "user": 1, "content_type": 11, "object_id": "28", "object_repr": "Education", "action_flag": 1, "change_message": "[{\"added\": {}}]"}}, {"model": "admin.logentry", "pk": 90, "fields": {"action_time": "2024-08-23T00:36:38.414Z", "user": 1, "content_type": 11, "object_id": "29", "object_repr": "Elderly", "action_flag": 1, "change_message": "[{\"added\": {}}]"}}, {"model": "admin.logentry", "pk": 91, "fields": {"action_time": "2024-08-23T00:37:00.829Z", "user": 1, "content_type": 11, "object_id": "30", "object_repr": "Environment", "action_flag": 1, "change_message": "[{\"added\": {}}]"}}, {"model": "admin.logentry", "pk": 92, "fields": {"action_time": "2024-08-23T00:37:28.031Z", "user": 1, "content_type": 11, "object_id": "31", "object_repr": "Financial Literacy", "action_flag": 1, "change_message": "[{\"added\": {}}]"}}, {"model": "admin.logentry", "pk": 93, "fields": {"action_time": "2024-08-23T00:38:18.308Z", "user": 1, "content_type": 11, "object_id": "32", "object_repr": "Health & Disease", "action_flag": 1, "change_message": "[{\"added\": {}}]"}}, {"model": "admin.logentry", "pk": 94, "fields": {"action_time": "2024-08-23T00:39:10.089Z", "user": 1, "content_type": 11, "object_id": "33", "object_repr": "Hunger & Poverty", "action_flag": 1, "change_message": "[{\"added\": {}}]"}}, {"model": "admin.logentry", "pk": 95, "fields": {"action_time": "2024-08-23T00:41:07.943Z", "user": 1, "content_type": 11, "object_id": "34", "object_repr": "International", "action_flag": 1, "change_message": "[{\"added\": {}}]"}}, {"model": "admin.logentry", "pk": 96, "fields": {"action_time": "2024-08-23T00:41:45.940Z", "user": 1, "content_type": 11, "object_id": "35", "object_repr": "LGBTQ", "action_flag": 1, "change_message": "[{\"added\": {}}]"}}, {"model": "admin.logentry", "pk": 97, "fields": {"action_time": "2024-08-23T00:42:50.130Z", "user": 1, "content_type": 11, "object_id": "36", "object_repr": "Race & Ethnicity", "action_flag": 1, "change_message": "[{\"added\": {}}]"}}, {"model": "admin.logentry", "pk": 98, "fields": {"action_time": "2024-08-23T00:45:08.343Z", "user": 1, "content_type": 11, "object_id": "37", "object_repr": "Religious", "action_flag": 1, "change_message": "[{\"added\": {}}]"}}, {"model": "admin.logentry", "pk": 99, "fields": {"action_time": "2024-08-23T00:45:35.930Z", "user": 1, "content_type": 11, "object_id": "38", "object_repr": "Reproductive Rights", "action_flag": 1, "change_message": "[{\"added\": {}}]"}}, {"model": "admin.logentry", "pk": 100, "fields": {"action_time": "2024-08-23T00:46:26.594Z", "user": 1, "content_type": 11, "object_id": "39", "object_repr": "Women’s Issues", "action_flag": 1, "change_message": "[{\"added\": {}}]"}}, {"model": "admin.logentry", "pk": 101, "fields": {"action_time": "2024-08-23T01:09:14.046Z", "user": 1, "content_type": 13, "object_id": "5", "object_repr": "fasansola supports organizations.PledgeOrganizations.None", "action_flag": 3, "change_message": ""}}, {"model": "admin.logentry", "pk": 102, "fields": {"action_time": "2024-08-23T01:09:14.050Z", "user": 1, "content_type": 13, "object_id": "4", "object_repr": "fasansola supports organizations.PledgeOrganizations.None", "action_flag": 3, "change_message": ""}}, {"model": "admin.logentry", "pk": 103, "fields": {"action_time": "2024-08-23T01:09:14.051Z", "user": 1, "content_type": 13, "object_id": "3", "object_repr": "fasansola supports organizations.PledgeOrganizations.None", "action_flag": 3, "change_message": ""}}, {"model": "admin.logentry", "pk": 104, "fields": {"action_time": "2024-08-23T01:09:14.053Z", "user": 1, "content_type": 13, "object_id": "2", "object_repr": "fasansola supports organizations.PledgeOrganizations.None", "action_flag": 3, "change_message": ""}}, {"model": "admin.logentry", "pk": 105, "fields": {"action_time": "2024-08-23T01:09:14.056Z", "user": 1, "content_type": 13, "object_id": "1", "object_repr": "fasansola supports organizations.PledgeOrganizations.None", "action_flag": 3, "change_message": ""}}, {"model": "admin.logentry", "pk": 106, "fields": {"action_time": "2024-08-26T01:45:56.084Z", "user": 1, "content_type": 6, "object_id": "1", "object_repr": "fasansola", "action_flag": 2, "change_message": "[{\"changed\": {\"fields\": [\"Last name\"]}}]"}}, {"model": "admin.logentry", "pk": 107, "fields": {"action_time": "2024-08-30T00:10:28.202Z", "user": 1, "content_type": 16, "object_id": "3", "object_repr": "fasansola supports None", "action_flag": 3, "change_message": ""}}, {"model": "admin.logentry", "pk": 108, "fields": {"action_time": "2024-08-30T00:10:50.160Z", "user": 1, "content_type": 8, "object_id": "3", "object_repr": "fasansola has None as a skill", "action_flag": 3, "change_message": ""}}, {"model": "admin.logentry", "pk": 109, "fields": {"action_time": "2024-08-30T00:11:21.641Z", "user": 1, "content_type": 13, "object_id": "6", "object_repr": "fasansola supports organizations.PledgeOrganizations.None", "action_flag": 3, "change_message": ""}}, {"model": "admin.logentry", "pk": 110, "fields": {"action_time": "2024-08-31T18:41:04.470Z", "user": 1, "content_type": 13, "object_id": "8", "object_repr": "fasansola supports organizations.PledgeOrganizations.None", "action_flag": 2, "change_message": "[{\"changed\": {\"fields\": [\"Pledge organization\"]}}]"}}, {"model": "sessions.session", "pk": "rhoo7y20ej0upp459bkdo6tmb6kd2ogk", "fields": {"session_data": ".eJxVjEEOwiAQRe_C2pCh4LS4dO8ZyAwMUjU0Ke3KeHdD0oVu_3vvv1WgfSthb7KGOamLMur0uzHFp9QO0oPqfdFxqds6s-6KPmjTtyXJ63q4fweFWuk1C0QAQw6TAwc5GoM-R0TmUQgGdsJg_ZlsTmwsoHFxwAnt6JGnpD5f6hw3sg:1sldUU:nXL46qytvT4lPo89ucbDG1EE_odf26kHDprq5_Crtk4", "expire_date": "2024-09-18T00:03:18.818Z"}}, {"model": "givers.user", "pk": 1, "fields": {"password": "pbkdf2_sha256$720000$qbJ7b7BG481RtAqq7QEGJf$azth2tKITGNcb8Htd6uTP+1jpucx3cxgs/IyOCBgYPY=", "last_login": "2024-09-04T00:03:18.815Z", "is_superuser": true, "username": "fasansola", "first_name": "Olusola", "last_name": "Fasan", "is_staff": true, "is_active": true, "date_joined": "2024-08-18T01:41:55Z", "email": "fasansola16@gmail.com", "user_terms": true, "state": "Alaska", "city": "Bethel", "country": "United States", "profile_photo": "images/dreamstime_xl_206695359_XonaCfz.jpg", "about_me": "I love eating", "giving_motivation": "hello world", "groups": [], "user_permissions": []}}, {"model": "givers.user", "pk": 2, "fields": {"password": "pbkdf2_sha256$720000$rYWYakR4zJOSsl495n6upq$6exCM4DU5Bfk74VV4HxRZc39kAI/VCFf4OxlUF85lpk=", "last_login": "2024-09-04T00:02:51.385Z", "is_superuser": false, "username": "fasanola", "first_name": "Olusola", "last_name": "Fasan", "is_staff": false, "is_active": true, "date_joined": "2024-08-23T13:50:16.655Z", "email": "wpxstuox@gmail.com", "user_terms": true, "state": "Alabama", "city": "Gadsden", "country": "United States", "profile_photo": "images/IconsAnimals_mdS6Xb3.svg", "about_me": null, "giving_motivation": "I love helping people in need.", "groups": [], "user_permissions": []}}, {"model": "givers.skill", "pk": 1, "fields": {"name": "Advanced Prototyping and Animation", "icon": ""}}, {"model": "givers.skill", "pk": 2, "fields": {"name": "Design Systems and Libraries", "icon": ""}}, {"model": "givers.skill", "pk": 3, "fields": {"name": "3D Design and Augmented Reality (AR)", "icon": ""}}, {"model": "givers.skill", "pk": 4, "fields": {"name": "Voice User Interface (VUI) Design", "icon": ""}}, {"model": "givers.skill", "pk": 5, "fields": {"name": "Responsive and Adaptive Design", "icon": ""}}, {"model": "givers.skill", "pk": 6, "fields": {"name": "Front-End Development", "icon": ""}}, {"model": "givers.skill", "pk": 7, "fields": {"name": "Web Performance Optimization", "icon": ""}}, {"model": "givers.skill", "pk": 8, "fields": {"name": "APIs and Integration", "icon": ""}}, {"model": "givers.skill", "pk": 9, "fields": {"name": "User Research and Usability Testing", "icon": ""}}, {"model": "givers.skill", "pk": 10, "fields": {"name": "Data-Driven Design", "icon": ""}}, {"model": "givers.skill", "pk": 11, "fields": {"name": "A/B Testing and Experimentation", "icon": ""}}, {"model": "givers.userskills", "pk": 1, "fields": {"user": 1, "skill": [3, 10]}}, {"model": "givers.userskills", "pk": 2, "fields": {"user": 2, "skill": [3, 11, 1, 2]}}, {"model": "givers.usercauses", "pk": 1, "fields": {"user": 1, "cause": [20, 24]}}, {"model": "givers.usercauses", "pk": 2, "fields": {"user": 2, "cause": [20, 21, 22, 23, 24, 30, 31, 32, 33, 36, 38]}}, {"model": "givers.userscharityownevent", "pk": 1, "fields": {"user": 1, "name": "Hello World"}}, {"model": "givers.userscharityownevent", "pk": 2, "fields": {"user": 1, "name": "Hello"}}, {"model": "givers.userscharityownevent", "pk": 3, "fields": {"user": 2, "name": "ENDSar Movement"}}, {"model": "givers.userspledgeorganizations", "pk": 7, "fields": {"user": 2, "pledge_organization": ["4d34d360-c585-4a38-b8e6-00aa287c20b9", "5182ce1a-252a-4689-b627-10fd7a299ddc", "e51c11a5-56ae-44ce-8d37-796bb06778b9"]}}, {"model": "givers.userspledgeorganizations", "pk": 8, "fields": {"user": 1, "pledge_organization": ["5182ce1a-252a-4689-b627-10fd7a299ddc", "71c5045f-7f9e-4937-adf3-02c4df62f1df", "a78a5e61-9583-4d30-8e48-4535aa01c743", "e51c11a5-56ae-44ce-8d37-796bb06778b9"]}}, {"model": "organizations.pledgeorganizations", "pk": "03d71416-7228-4965-b501-c32b951eddd0", "fields": {}}, {"model": "organizations.pledgeorganizations", "pk": "326950b7-a0cd-4841-b102-770ab005e6fe", "fields": {}}, {"model": "organizations.pledgeorganizations", "pk": "330708a9-bd17-439f-88ed-42974a795ab4", "fields": {}}, {"model": "organizations.pledgeorganizations", "pk": "33e11674-1a5d-4c63-8a19-f0b1d4b68435", "fields": {}}, {"model": "organizations.pledgeorganizations", "pk": "47b0657d-71cc-41db-a281-38c89acc185f", "fields": {}}, {"model": "organizations.pledgeorganizations", "pk": "4d34d360-c585-4a38-b8e6-00aa287c20b9", "fields": {}}, {"model": "organizations.pledgeorganizations", "pk": "4f89d2b5-185e-4d07-b3f3-55243c042a89", "fields": {}}, {"model": "organizations.pledgeorganizations", "pk": "5182ce1a-252a-4689-b627-10fd7a299ddc", "fields": {}}, {"model": "organizations.pledgeorganizations", "pk": "6010cbd6-8267-4ff3-8d1f-574b95eea9d0", "fields": {}}, {"model": "organizations.pledgeorganizations", "pk": "71c5045f-7f9e-4937-adf3-02c4df62f1df", "fields": {}}, {"model": "organizations.pledgeorganizations", "pk": "7b0e9fbe-522f-4a89-9cef-e38560773ea8", "fields": {}}, {"model": "organizations.pledgeorganizations", "pk": "9c899c4f-07e7-430a-828c-8ce033263d9a", "fields": {}}, {"model": "organizations.pledgeorganizations", "pk": "a78a5e61-9583-4d30-8e48-4535aa01c743", "fields": {}}, {"model": "organizations.pledgeorganizations", "pk": "da2b2080-8ee3-4152-a7a2-79f3612bd11e", "fields": {}}, {"model": "organizations.pledgeorganizations", "pk": "e51c11a5-56ae-44ce-8d37-796bb06778b9", "fields": {}}, {"model": "causes.causes", "pk": 20, "fields": {"name": "Affordable Housing", "icon": "images/IconsAffordable_Housing_PnAJpOF.svg", "color": "#BFC31D"}}, {"model": "causes.causes", "pk": 21, "fields": {"name": "Animals", "icon": "images/IconsAnimals_Ucgy5NK.svg", "color": "#FCB766"}}, {"model": "causes.causes", "pk": 22, "fields": {"name": "Arts, Culture, and Humanities", "icon": "images/IconsArts_Culture_and_Humanities.svg", "color": "#FC6666"}}, {"model": "causes.causes", "pk": 23, "fields": {"name": "Children & Youth", "icon": "images/IconsChildren__Youths_X9VcIPN.svg", "color": "#D566FC"}}, {"model": "causes.causes", "pk": 24, "fields": {"name": "Crime and Safety", "icon": "images/IconsCrime_and_Safety_Z9okJ5s.svg", "color": "#5C1DC3"}}, {"model": "causes.causes", "pk": 25, "fields": {"name": "Disabilities", "icon": "images/IconsDisabilities_RZnG3rE.svg", "color": "#635BC6"}}, {"model": "causes.causes", "pk": 26, "fields": {"name": "Disaster Relief", "icon": "images/IconsDisaster_Relief_BNaFxQr.svg", "color": "#FC66A5"}}, {"model": "causes.causes", "pk": 27, "fields": {"name": "Diversity, Equity, and Inclusion", "icon": "images/IconsDiversity_Equity_and_Inclusion.svg", "color": "#FB7951"}}, {"model": "causes.causes", "pk": 28, "fields": {"name": "Education", "icon": "images/IconsEducation_3d8Gclb.svg", "color": "#3CA7F5"}}, {"model": "causes.causes", "pk": 29, "fields": {"name": "Elderly", "icon": "images/IconsElderly_pFQw8OC.svg", "color": "#5A596E"}}, {"model": "causes.causes", "pk": 30, "fields": {"name": "Environment", "icon": "images/IconsEnvironment_GbFejvW.svg", "color": "#0FC156"}}, {"model": "causes.causes", "pk": 31, "fields": {"name": "Financial Literacy", "icon": "images/IconsFinancial_Literacy_0ulvszx.svg", "color": "#1D73C3"}}, {"model": "causes.causes", "pk": 32, "fields": {"name": "Health & Disease", "icon": "images/IconsHealth__Disease_btYrEY9.svg", "color": "#FD57D8"}}, {"model": "causes.causes", "pk": 33, "fields": {"name": "Hunger & Poverty", "icon": "images/IconsHunger__Poverty_u0Kck0P.svg", "color": "#FC6681"}}, {"model": "causes.causes", "pk": 34, "fields": {"name": "International", "icon": "images/IconsInternational_huprKiZ.svg", "color": "#7266FC"}}, {"model": "causes.causes", "pk": 35, "fields": {"name": "LGBTQ", "icon": "images/IconsLGBTQ_NTl2ZvY.svg", "color": "#C3941D"}}, {"model": "causes.causes", "pk": 36, "fields": {"name": "Race & Ethnicity", "icon": "images/IconsRace__Ethnicity_fSQW5xa.svg", "color": "#1DC391"}}, {"model": "causes.causes", "pk": 37, "fields": {"name": "Religious", "icon": "images/IconsReligious_x7Iuw8m.svg", "color": "#00997A"}}, {"model": "causes.causes", "pk": 38, "fields": {"name": "Reproductive Rights", "icon": "images/IconsReproductive_Rights_H4N4Kld.svg", "color": "#C31D8A"}}, {"model": "causes.causes", "pk": 39, "fields": {"name": "Women’s Issues", "icon": "images/IconsWomens_Issues_AuZXCgU.svg", "color": "#FD4FAD"}}]