[{"model": "sessions.session", "pk": "rhoo7y20ej0upp459bkdo6tmb6kd2ogk", "fields": {"session_data": ".eJxVjEEOwiAQRe_C2pCh4LS4dO8ZyAwMUjU0Ke3KeHdD0oVu_3vvv1WgfSthb7KGOamLMur0uzHFp9QO0oPqfdFxqds6s-6KPmjTtyXJ63q4fweFWuk1C0QAQw6TAwc5GoM-R0TmUQgGdsJg_ZlsTmwsoHFxwAnt6JGnpD5f6hw3sg:1sldUU:nXL46qytvT4lPo89ucbDG1EE_odf26kHDprq5_Crtk4", "expire_date": "2024-09-18T00:03:18.818Z"}}, {"model": "givers.user", "pk": 1, "fields": {"password": "pbkdf2_sha256$720000$qbJ7b7BG481RtAqq7QEGJf$azth2tKITGNcb8Htd6uTP+1jpucx3cxgs/IyOCBgYPY=", "last_login": "2024-09-04T00:03:18.815Z", "is_superuser": true, "username": "fasansola", "first_name": "Olusola", "last_name": "Fasan", "is_staff": true, "is_active": true, "date_joined": "2024-08-18T01:41:55Z", "email": "fasansola16@gmail.com", "user_terms": true, "state": "Alaska", "city": "Bethel", "country": "United States", "profile_photo": "images/dreamstime_xl_206695359_XonaCfz.jpg", "about_me": "I love eating", "giving_motivation": "hello world", "groups": [], "user_permissions": []}}, {"model": "givers.user", "pk": 2, "fields": {"password": "pbkdf2_sha256$720000$rYWYakR4zJOSsl495n6upq$6exCM4DU5Bfk74VV4HxRZc39kAI/VCFf4OxlUF85lpk=", "last_login": "2024-09-04T00:02:51.385Z", "is_superuser": false, "username": "fasanola", "first_name": "Olusola", "last_name": "Fasan", "is_staff": false, "is_active": true, "date_joined": "2024-08-23T13:50:16.655Z", "email": "wpxstuox@gmail.com", "user_terms": true, "state": "Alabama", "city": "Gadsden", "country": "United States", "profile_photo": "images/IconsAnimals_mdS6Xb3.svg", "about_me": null, "giving_motivation": "I love helping people in need.", "groups": [], "user_permissions": []}}, {"model": "givers.skill", "pk": 1, "fields": {"name": "Advanced Prototyping and Animation", "icon": ""}}, {"model": "givers.skill", "pk": 2, "fields": {"name": "Design Systems and Libraries", "icon": ""}}, {"model": "givers.skill", "pk": 3, "fields": {"name": "3D Design and Augmented Reality (AR)", "icon": ""}}, {"model": "givers.skill", "pk": 4, "fields": {"name": "Voice User Interface (VUI) Design", "icon": ""}}, {"model": "givers.skill", "pk": 5, "fields": {"name": "Responsive and Adaptive Design", "icon": ""}}, {"model": "givers.skill", "pk": 6, "fields": {"name": "Front-End Development", "icon": ""}}, {"model": "givers.skill", "pk": 7, "fields": {"name": "Web Performance Optimization", "icon": ""}}, {"model": "givers.skill", "pk": 8, "fields": {"name": "APIs and Integration", "icon": ""}}, {"model": "givers.skill", "pk": 9, "fields": {"name": "User Research and Usability Testing", "icon": ""}}, {"model": "givers.skill", "pk": 10, "fields": {"name": "Data-Driven Design", "icon": ""}}, {"model": "givers.skill", "pk": 11, "fields": {"name": "A/B Testing and Experimentation", "icon": ""}}, {"model": "givers.userskills", "pk": 1, "fields": {"user": 1, "skill": [3, 10]}}, {"model": "givers.userskills", "pk": 2, "fields": {"user": 2, "skill": [3, 11, 1, 2]}}, {"model": "givers.usercauses", "pk": 1, "fields": {"user": 1, "cause": [20, 24]}}, {"model": "givers.usercauses", "pk": 2, "fields": {"user": 2, "cause": [20, 21, 22, 23, 24, 30, 31, 32, 33, 36, 38]}}, {"model": "givers.userscharityownevent", "pk": 1, "fields": {"user": 1, "name": "Hello World"}}, {"model": "givers.userscharityownevent", "pk": 2, "fields": {"user": 1, "name": "Hello"}}, {"model": "givers.userscharityownevent", "pk": 3, "fields": {"user": 2, "name": "ENDSar Movement"}}, {"model": "givers.userspledgeorganizations", "pk": 7, "fields": {"user": 2, "pledge_organization": ["4d34d360-c585-4a38-b8e6-00aa287c20b9", "5182ce1a-252a-4689-b627-10fd7a299ddc", "e51c11a5-56ae-44ce-8d37-796bb06778b9"]}}, {"model": "givers.userspledgeorganizations", "pk": 8, "fields": {"user": 1, "pledge_organization": ["5182ce1a-252a-4689-b627-10fd7a299ddc", "71c5045f-7f9e-4937-adf3-02c4df62f1df", "a78a5e61-9583-4d30-8e48-4535aa01c743", "e51c11a5-56ae-44ce-8d37-796bb06778b9"]}}, {"model": "organizations.pledgeorganizations", "pk": "03d71416-7228-4965-b501-c32b951eddd0", "fields": {}}, {"model": "organizations.pledgeorganizations", "pk": "326950b7-a0cd-4841-b102-770ab005e6fe", "fields": {}}, {"model": "organizations.pledgeorganizations", "pk": "330708a9-bd17-439f-88ed-42974a795ab4", "fields": {}}, {"model": "organizations.pledgeorganizations", "pk": "33e11674-1a5d-4c63-8a19-f0b1d4b68435", "fields": {}}, {"model": "organizations.pledgeorganizations", "pk": "47b0657d-71cc-41db-a281-38c89acc185f", "fields": {}}, {"model": "organizations.pledgeorganizations", "pk": "4d34d360-c585-4a38-b8e6-00aa287c20b9", "fields": {}}, {"model": "organizations.pledgeorganizations", "pk": "4f89d2b5-185e-4d07-b3f3-55243c042a89", "fields": {}}, {"model": "organizations.pledgeorganizations", "pk": "5182ce1a-252a-4689-b627-10fd7a299ddc", "fields": {}}, {"model": "organizations.pledgeorganizations", "pk": "6010cbd6-8267-4ff3-8d1f-574b95eea9d0", "fields": {}}, {"model": "organizations.pledgeorganizations", "pk": "71c5045f-7f9e-4937-adf3-02c4df62f1df", "fields": {}}, {"model": "organizations.pledgeorganizations", "pk": "7b0e9fbe-522f-4a89-9cef-e38560773ea8", "fields": {}}, {"model": "organizations.pledgeorganizations", "pk": "9c899c4f-07e7-430a-828c-8ce033263d9a", "fields": {}}, {"model": "organizations.pledgeorganizations", "pk": "a78a5e61-9583-4d30-8e48-4535aa01c743", "fields": {}}, {"model": "organizations.pledgeorganizations", "pk": "da2b2080-8ee3-4152-a7a2-79f3612bd11e", "fields": {}}, {"model": "organizations.pledgeorganizations", "pk": "e51c11a5-56ae-44ce-8d37-796bb06778b9", "fields": {}}, {"model": "causes.causes", "pk": 20, "fields": {"name": "Affordable Housing", "icon": "images/IconsAffordable_Housing_PnAJpOF.svg", "color": "#BFC31D"}}, {"model": "causes.causes", "pk": 21, "fields": {"name": "Animals", "icon": "images/IconsAnimals_Ucgy5NK.svg", "color": "#FCB766"}}, {"model": "causes.causes", "pk": 22, "fields": {"name": "Arts, Culture, and Humanities", "icon": "images/IconsArts_Culture_and_Humanities.svg", "color": "#FC6666"}}, {"model": "causes.causes", "pk": 23, "fields": {"name": "Children & Youth", "icon": "images/IconsChildren__Youths_X9VcIPN.svg", "color": "#D566FC"}}, {"model": "causes.causes", "pk": 24, "fields": {"name": "Crime and Safety", "icon": "images/IconsCrime_and_Safety_Z9okJ5s.svg", "color": "#5C1DC3"}}, {"model": "causes.causes", "pk": 25, "fields": {"name": "Disabilities", "icon": "images/IconsDisabilities_RZnG3rE.svg", "color": "#635BC6"}}, {"model": "causes.causes", "pk": 26, "fields": {"name": "Disaster Relief", "icon": "images/IconsDisaster_Relief_BNaFxQr.svg", "color": "#FC66A5"}}, {"model": "causes.causes", "pk": 27, "fields": {"name": "Diversity, Equity, and Inclusion", "icon": "images/IconsDiversity_Equity_and_Inclusion.svg", "color": "#FB7951"}}, {"model": "causes.causes", "pk": 28, "fields": {"name": "Education", "icon": "images/IconsEducation_3d8Gclb.svg", "color": "#3CA7F5"}}, {"model": "causes.causes", "pk": 29, "fields": {"name": "Elderly", "icon": "images/IconsElderly_pFQw8OC.svg", "color": "#5A596E"}}, {"model": "causes.causes", "pk": 30, "fields": {"name": "Environment", "icon": "images/IconsEnvironment_GbFejvW.svg", "color": "#0FC156"}}, {"model": "causes.causes", "pk": 31, "fields": {"name": "Financial Literacy", "icon": "images/IconsFinancial_Literacy_0ulvszx.svg", "color": "#1D73C3"}}, {"model": "causes.causes", "pk": 32, "fields": {"name": "Health & Disease", "icon": "images/IconsHealth__Disease_btYrEY9.svg", "color": "#FD57D8"}}, {"model": "causes.causes", "pk": 33, "fields": {"name": "Hunger & Poverty", "icon": "images/IconsHunger__Poverty_u0Kck0P.svg", "color": "#FC6681"}}, {"model": "causes.causes", "pk": 34, "fields": {"name": "International", "icon": "images/IconsInternational_huprKiZ.svg", "color": "#7266FC"}}, {"model": "causes.causes", "pk": 35, "fields": {"name": "LGBTQ", "icon": "images/IconsLGBTQ_NTl2ZvY.svg", "color": "#C3941D"}}, {"model": "causes.causes", "pk": 36, "fields": {"name": "Race & Ethnicity", "icon": "images/IconsRace__Ethnicity_fSQW5xa.svg", "color": "#1DC391"}}, {"model": "causes.causes", "pk": 37, "fields": {"name": "Religious", "icon": "images/IconsReligious_x7Iuw8m.svg", "color": "#00997A"}}, {"model": "causes.causes", "pk": 38, "fields": {"name": "Reproductive Rights", "icon": "images/IconsReproductive_Rights_H4N4Kld.svg", "color": "#C31D8A"}}, {"model": "causes.causes", "pk": 39, "fields": {"name": "Women’s Issues", "icon": "images/IconsWomens_Issues_AuZXCgU.svg", "color": "#FD4FAD"}}]